HIOS ID,HIOS INPUTTED INSURANCE COMPANY NAME,STATE,REINSURANCE PAYMENT AMOUNT (OR NOT ELIGIBLE),"HHS RISK ADJUSTMENT TRANSFER AMOUNT (INDIVIDUAL MARKET, INCLUDING CATASTROPHIC)",HHS RISK ADJUSTMENT TRANSFERS AMOUNT (SMALL GROUP MARKET)
11082,Aetna Life Insurance Company,AK,0,-34550.55,557129.08
38344,Premera Blue Cross Blue Shield of Alaska,AK,14655165.1,12358455.76,1742413.11
38596,Time Insurance Company,AK,1167367.38,-2908793.99,-1465993.25
62637,John Alden Life Insurance Company,AK,N/A,N/A,607207.25
73836,"Moda Health Plan, Inc.",AK,26305543.39,-9415111.19,-683234.43
80049,United Healthcare Insurance Company,AK,N/A,N/A,-757521.8
13939,Time Insurance Company,AL,452110.79,-223260.2,-18832.66
44580,Humana Insurance Company,AL,4108536.1,-3473430.83,N/A
44902,Federated Mutual Insurance Company,AL,N/A,N/A,-18268.78
46944,Blue Cross and Blue Shield of Alabama,AL,96845673.52,13434646.95,1891994.1
49771,John Alden Life Insurance Company,AL,N/A,N/A,47439.27
59809,United Healthcare Life Insurance Company,AL,148062.53,-805865.4,2012.29
68259,"United Healthcare of Alabama, Inc.",AL,7835054.79,-8989541.02,-397175.98
69461,United Healthcare Insurance Company,AL,N/A,N/A,-724205.96
93018,VIVA Health,AL,N/A,N/A,-782962.27
93122,Freedom Life Insurance,AL,0,57450.42,N/A
13262,"HMO Partners, Inc.",AR,N/A,N/A,681450.22
22732,United Healthcare Ins Co of River Valley,AR,N/A,N/A,-737381.21
30991,Time Insurance Company,AR,853438.8,-668914.23,-271493.27
37903,"QualChoice Life & Health Insurance Company, Inc.",AR,4995655,-2751129.36,-17495.48
51826,John Alden Life Insurance Company,AR,N/A,N/A,-7856.65
53135,United Healthcare Life Insurance Company,AR,506664.43,-280355.58,N/A
60079,Coventry Health and Life,AR,0,-15072.7,-41289.01
61273,Freedom Life Insurance,AR,0,-5029.01,N/A
62141,Celtic Insurance Company,AR,8196167.49,-10893205.76,N/A
65817,"United Healthcare of Arkansas, Inc.",AR,N/A,N/A,-578563.2
70525,"QCA Health Plan, Inc.",AR,10580046,6656762.38,-272007.5
75293,Arkansas Blue Cross and Blue Shield,AR,64811130.09,8441174.73,1078908.44
81392,United Healthcare Insurance Company,AR,N/A,N/A,9059.95
89365,Federated Mutual Insurance Company,AR,N/A,N/A,65077.18
99685,Humana Insurance Company,AR,149183.57,-484230.53,91590.58
23029,Madison National Life,AZ,N/A,N/A,-9938.88
23307,"Humana Health Plan, Inc.",AZ,676362.49,856409.75,-1948641.42
40702,"United Healthcare of Arizona, Inc.",AZ,N/A,N/A,-34081.48
51485,Health Net Life Insurance Company,AZ,46215394.37,26294064.75,7584973.03
53901,"Blue Cross Blue Shield of Arizona, Inc.",AZ,51821293.19,20131634.31,-837227.17
59096,Standard Security Life,AZ,N/A,N/A,-5153.41
60761,Meritus Health Partners,AZ,7175051.81,-48452998.55,-788993.84
65441,"Phoenix Health Plans, Inc.",AZ,0,-247328.86,N/A
66105,Humana Insurance Company,AZ,1778440.1,689053.89,900266.16
70239,Health Choice Insurance Co.,AZ,1542865.7,-5999819.7,N/A
70904,WMI Mutual Insurance Company,AZ,N/A,N/A,-47954.99
73893,John Alden Life Insurance Company,AZ,N/A,N/A,543121.99
75849,Freedom Life Insurance,AZ,4146.48,168620.34,N/A
78611,Aetna Health Inc. (a PA corp.),AZ,N/A,N/A,296497.65
80863,Time Insurance Company,AZ,12354851.1,11878587.57,355617.92
82011,United Healthcare Insurance Company,AZ,N/A,N/A,4970157.33
84251,Aetna Life Insurance Company,AZ,1614307.95,-3663100.18,-4599781.33
86830,Cigna Health and Life Insurance Company,AZ,1431522.46,2978136.23,-35.55
88925,"University of Arizona Health PlansUniversity Healthcare, Inc.",AZ,462348.2,-9792044,N/A
90169,United Healthcare Life Insurance Company,AZ,737940.9,784206.91,N/A
91450,"Health Net of Arizona, Inc.",AZ,12625077.68,1953496.4,-4432593.99
92045,Meritus Mutual Health Partners,AZ,3284983.52,-558586.58,-1913246.31
97667,"Cigna HealthCare of Arizona, Inc.",AZ,N/A,N/A,-56070.83
98971,All Savers Insurance Company,AZ,4527194.3,2979667.72,23085.14
18126,Molina Healthcare of California,CA,1230390.91,-25983024.62,N/A
20523,Aetna Health of California Inc.,CA,N/A,N/A,-55802137.54
27330,Kaiser Permanente Insurance Company,CA,N/A,N/A,765550.26
27603,Blue Cross of California (Anthem BC),CA,324481782.2,-26380560.05,98210694.17
35305,Trustmark Life Insurance Company,CA,0,-165775.07,N/A
40025,Cigna Health and Life Insurance Company,CA,17586666.04,5953639.83,N/A
40513,"Kaiser Foundation Health Plan, Inc.",CA,193662847,-82078859.73,-86677086.3
40733,Aetna Life Insurance Company,CA,N/A,N/A,26507101.9
47579,Chinese Community Health Plan,CA,2569834.4,-28712244.96,-1540479.6
49116,UHC of California,CA,N/A,N/A,-1290603.41
56887,"County of Ventura, dba Ventura County Health Care Plan",CA,0,N/A,358925.34
64198,Time Insurance Company,CA,65148241.89,63308434.85,N/A
64210,"Sutter Health Plan, Inc.",CA,184550.94,309874.09,-3431344.78
64618,National Health Insurance Company,CA,0,N/A,-161102.44
67138,"Health Net of California, Inc.",CA,41900195.93,-125635855.9,-9525637.47
68744,Humana Insurance Company,CA,N/A,N/A,23570.86
70285,CA Physician's Service dba Blue Shield of CA,CA,282147399.1,181516599,19822043.9
71408,"Moda Health Plan, Inc.",CA,0,-40592.4,N/A
84014,County of Santa Clara,CA,505318.49,-115235.31,N/A
92499,Sharp Health Plan,CA,9640079.06,9791489.44,-5238158.44
92815,Local Initiative Health Authority for Los Angeles County,CA,173346.94,-23491264.75,N/A
93689,Western Health Advantage,CA,6089256.83,-1713529.97,3553914.02
95677,United Healthcare Insurance Company,CA,N/A,N/A,3006738.38
99110,Health Net Life Insurance Company,CA,94347305.12,53436905.52,11418011.12
11555,New Health Ventures Inc.,CO,389863.07,173278.24,N/A
20472,"Colorado Health Insurance Cooperative, Inc.",CO,38664334.67,-41180913.97,-819602.44
21032,Kaiser Foundation Health Plan of Colo.,CO,20539222.46,-7630792.84,951160.48
28700,Freedom Life Insurance,CO,49057.63,98569.13,N/A
35944,Kaiser Permanente Insurance Company,CO,N/A,N/A,-124133.71
39060,Time Insurance Company,CO,5903506.26,6541514.95,N/A
49375,Cigna Health and Life Insurance Company,CO,6431729.43,10417522.17,N/A
59036,"United Healthcare of Colorado, Inc.",CO,N/A,N/A,-1520187.65
63312,Colorado Choice Health Plans,CO,4665826.16,1562462.46,-1750013.59
66699,"Denver Health Medical Plan, Inc.",CO,90456.8,2379976.29,N/A
67879,United Healthcare Insurance Company,CO,N/A,N/A,979323.74
74320,Humana Health Plan,CO,7614421.26,6064407.53,3278864.95
76680,HMO Colorado Inc.(Anthem BCBS),CO,9021034.94,29925.42,-1803127.62
79509,Humana Insurance Company,CO,1442411.66,664060.25,-95294.25
80208,Rocky Mountain Health Care Options,CO,N/A,N/A,4347588.59
87269,Rocky Mountain Hos & Med Svc(Anthem BCBS),CO,3292837.76,-318263.67,-1239886.17
92137,All Savers Insurance Company,CO,73109,168907.5,N/A
92291,United Healthcare Life Insurance Company,CO,1255110.84,2513503.26,N/A
97879,Rocky Mountain HMO,CO,32893237.64,18515843.4,-2204692.42
29462,"Oxford Health Insurance, Inc.",CT,N/A,N/A,5162193.87
39159,Aetna Life Insurance Company,CT,4544078.36,-621770.44,-610884.79
40591,Golden Rule Insurance Company,CT,1962499.71,-164216.71,N/A
49650,United Healthcare Insurance Company,CT,1989551.43,1159270.36,-291961.23
71179,"Oxford Health Plans (CT), Inc.",CT,N/A,N/A,-1834583.56
75091,"ConnectiCare, Inc.",CT,26569.95,-1899004.88,-6351.77
76962,"ConnectiCare Benefits, Inc.",CT,20637447.76,4456584.71,N/A
85732,United Healthcare Life Insurance Company,CT,1061734.21,2156886.02,N/A
86542,Time Insurance Company,CT,2420111.46,905352.48,N/A
86545,Anthem Health Plans Inc.(Anthem BCBS),CT,37802725.1,25538509.66,25341838.53
87354,Cigna Health and Life Insurance Company,CT,949866.36,1551767.81,N/A
89130,"HPHC Insurance Company, Inc.",CT,N/A,N/A,-9781592.11
91069,"HealthyCT, Inc.",CT,11450211.51,-6912671.83,-6459820.49
94815,"ConnectiCare Insurance Company, Inc.",CT,17822555.02,-26170707.17,-10932640.17
95882,"Harvard Pilgrim Health Care of Connecticut, Inc.",CT,N/A,N/A,-586198.35
21066,United Healthcare of the MidAtlantic Inc.,DC,N/A,N/A,-46276.28
41842,United Healthcare Insurance Company,DC,N/A,N/A,-389192.26
73987,Aetna Health Inc. (a PA corp.),DC,N/A,N/A,-905578.03
75753,"Optimum Choice, Inc.",DC,N/A,N/A,-171150.38
77422,Aetna Life Insurance Company,DC,26078.14,-254043.25,-335906.75
78079,GHMSI,DC,2537992.49,3510581.06,15545279.98
86052,"CareFirst Blue Choice, Inc.",DC,3021555.65,-1630614.05,-10757047.29
94506,"Kaiser Foundation Health Plan of the Mid-Atlantic States, Inc.",DC,493299.21,-1625923.79,-2940128.99
29497,Aetna Life Insurance Company,DE,983961.77,-1832345.1,-241246.17
61021,United Healthcare Insurance Company,DE,N/A,N/A,67458.83
67190,Aetna Health Inc. (a PA corp.),DE,729611.12,-743159.52,-557909.15
76168,Highmark BCBSD Inc.,DE,20884315.58,2779948.94,2329735.02
78960,John Alden Life Insurance Company,DE,N/A,N/A,-5432.47
81914,"Coventry Health Care of Delaware, Inc.",DE,0,N/A,-1468781.32
89587,Golden Rule Insurance Company,DE,53697.97,-245126.83,N/A
97569,"Optimum Choice, Inc.",DE,N/A,N/A,-112992.65
97889,Time Insurance Company,DE,101901.86,40682.47,-10832.08
15980,Humana Insurance Company,FL,0,-279.3,N/A
16842,Blue Cross and Blue Shield of Florida,FL,203698387.5,368933330.5,8102147.17
17341,United Healthcare Life Insurance Company,FL,14736590.26,10189460.6,N/A
18628,Aetna Health Inc. (a FL corp.),FL,10360565.46,-28025200.75,5437975.83
19898,"AvMed, Inc.",FL,3804584.76,-148477.46,-3997943.28
21663,Celtic Insurance Company,FL,110365.02,193747.7,N/A
23841,Aetna Life Insurance Company,FL,731464.13,-2790586.53,1289962.56
27357,"Health First Health Plans, Inc.",FL,3432440.18,814327.97,668492.53
30252,"Health Options, Inc.",FL,49987278.15,81745567.9,-4176090.84
35783,"Humana Medical Plan, Inc.",FL,136834264.8,-135056370.8,-11511826.07
40442,Freedom Life Insurance,FL,441431.46,544782.95,N/A
41240,John Alden Life Insurance Company,FL,N/A,N/A,6445.09
42204,All Savers Insurance Company,FL,N/A,N/A,-125918.62
43839,United Healthcare Insurance Company,FL,N/A,N/A,4051544.19
48121,Cigna Health and Life Insurance Company,FL,82711915.66,73421679.32,N/A
51398,"Preferred Medical Plan, Inc.",FL,11390404.66,-62496825.44,N/A
54172,"Molina Healthcare of Florida, Inc.",FL,19021408.95,-218903904.1,N/A
56503,"Florida Health Care Plan, Inc.",FL,2186051.19,2314125.36,528571.04
57451,"Coventry Health Care of Florida, Inc.",FL,56919893.68,-110567546,973155.25
62662,Time Insurance Company,FL,76121282.95,35074237.06,-112612.6
66966,Capital Health Plan,FL,N/A,N/A,3951692.24
68398,"United Healthcare of Florida, Inc.",FL,75479361.88,14572435.15,-4380861.24
76089,Coventry Health and Life Insurance Co.,FL,N/A,N/A,-31756.97
77150,"Health First Insurance, Inc.",FL,649761.09,700760.1,-210737.71
80779,"Neighborhood Health Partnership, Inc.",FL,N/A,N/A,-338156.26
83883,Florida Health Solution HMO Company,FL,0,-166901.91,N/A
86382,Sunshine State Health Plan,FL,1184424.15,-26584661.51,N/A
92120,"Coventry Health Plan of Florida, Inc.",FL,489538.37,-1502492.36,N/A
99308,"Humana Health Insurance Co of FL, Inc.",FL,1206801.28,-2261208.38,-124082.7
12442,Nippon Life Insurance Company of America,GA,N/A,N/A,130774.07
13535,United Healthcare Insurance Company,GA,N/A,N/A,4168453.84
20544,Time Insurance Company,GA,12630285.95,10590785.72,-237705.68
24775,Celtic Insurance Company,GA,0,1983.9,N/A
30552,United Healthcare Ins Co of River Valley,GA,N/A,N/A,-1784203.76
37001,Humana Insurance Company,GA,1390112.88,1622203.69,308751.17
38835,Federated Mutual Insurance Company,GA,N/A,N/A,-818531.15
43802,"United Healthcare of Georgia, Inc.",GA,10987380,9760768.12,-111617.91
45495,Peach State Health Plan,GA,2158724.63,-13768906.67,N/A
47783,"Coventry Health Care of Georgia, Inc.",GA,20317351.3,-58546619.35,-1319184.49
49046,"Blue Cross Blue Shield Healthcare Plan of Georgia, Inc.",GA,31999615.68,-15389290.74,2806937.56
50313,John Alden Life Insurance Company,GA,N/A,N/A,123868.75
50491,Cigna Health and Life Insurance Company,GA,3610522.83,3938467.33,N/A
63411,"Blue Cross and Blue Shield of Georgia, Inc.",GA,N/A,N/A,2862053.98
65890,Coventry Health and Life,GA,N/A,N/A,-233155.74
72796,Freedom Life Insurance,GA,0,370.93,N/A
74189,United Healthcare Life Insurance Company,GA,961244.88,586323.62,N/A
82302,Kaiser Permanente Insurance Company,GA,N/A,N/A,54610.53
82824,Aetna Health Inc. (a GA corp.),GA,N/A,N/A,-4486504.66
83761,Alliant Health Plans,GA,10071727.5,4679043.57,22552.36
83978,Aetna Life Insurance Company,GA,6808764.85,-14644018.02,3485222.28
89942,Kaiser Foundation Health Plan of Georgia,GA,8692894.13,2627520.08,-2393268.87
93332,"Humana Employers Health Plan of Georgia, Inc.",GA,213566269.9,68541368.02,-2579052.1
14479,Family Health Hawaii mbs,HI,N/A,N/A,-462123.43
18350,Hawaii Medical Service Association,HI,16197585.19,15467100.5,7322488.29
54179,United Healthcare Insurance Company,HI,N/A,N/A,-24645.33
56682,Hawaii Medical Assurance Association,HI,N/A,N/A,662917.71
60612,"Kaiser Foundation Health Plan, Inc.",HI,5420682.06,-15467100.5,-6719908.37
95366,University Health Alliance (UHA),HI,N/A,N/A,-778728.87
18973,Coventry Health Care of Iowa Inc.,IA,23503386.5,-10780079.07,459305.01
25896,Wellmark Health Plan of Iowa,IA,1964191.81,-4391485.66,-1170299.82
27651,"Gundersen Health Plan, Inc.",IA,169678.49,160860.73,26939.77
41397,Federated Mutual Insurance Company,IA,N/A,N/A,-76811.45
50735,Medical Associates Health Plans,IA,0,N/A,370973.92
51474,Pekin Life Insurance Company,IA,N/A,N/A,29025.45
51820,Coventry Health and Life Insurance Co.,IA,0,N/A,-13857.81
56610,"United Healthcare Plan of the River Valley, Inc.",IA,N/A,N/A,855194.75
67580,John Alden Life Insurance Company,IA,N/A,N/A,39118.81
68184,Time Insurance Company,IA,790452.44,-244924.54,-47915.07
71268,CoOportunity Health,IA,504598.26,-1753954.62,-3537357.91
72160,Wellmark Inc.,IA,15298546.8,16573829.24,3724624.74
74980,"Avera Health Plans, Inc.",IA,274092.1,435753.94,-22573.51
77638,"Health Alliance Midwest, Inc.",IA,N/A,N/A,-8581.91
85930,Sanford Health Plan,IA,N/A,N/A,-19387.07
88678,United Healthcare Insurance Company,IA,N/A,N/A,-608397.92
26002,Select Health,ID,19459263.73,9855840.04,-1382800.26
28218,Time Insurance Company,ID,199027.79,137386.95,-45007.5
38128,Montana Health Cooperative,ID,7011343.81,-6390206.43,-196033.64
43541,National Health Insurance Company,ID,0,N/A,-54156.38
44648,Regence Blue Shield of Idaho,ID,643839.26,1002953.94,-831183.51
45059,Aetna Life Insurance Company,ID,N/A,N/A,18122.94
50118,United Healthcare Insurance Company,ID,N/A,N/A,-13618.27
52156,John Alden Life Insurance Company,ID,N/A,N/A,9713.17
59765,BridgeSpan Health Company,ID,724349.19,-37955.58,N/A
60597,Pacific Source Health Plans,ID,807479.44,600458.28,-80877.14
61175,Altius Health Plans Inc.,ID,14692.05,-16255.24,-174731.4
61589,"Blue Cross of Idaho Health Service, Inc.",ID,38715261.37,-5152221.99,2750572.03
16724,"United Healthcare of the Midwest, Inc.",IL,424446.55,-702032.46,N/A
18389,Pekin Life Insurance Company,IL,N/A,N/A,-476618.51
20129,"Health Alliance Medical Plans, Inc.",IL,9489886.93,-1326442.96,-1104554.13
24301,Medical Associates Health Plans,IL,N/A,N/A,-348670.8
27833,Celtic Insurance Company,IL,0,-76.03,N/A
34446,United Healthcare Ins Co of River Valley,IL,N/A,N/A,-2373664.9
35670,Coventry Health & Life Co.,IL,1886166.5,-644379.33,458501.8
36096,Blue Cross Blue Shield of Illinois,IL,283514429,23056950.67,10877027.26
42529,"United Healthcare of Illinois, Inc.",IL,N/A,N/A,-1185146.24
53586,Nippon Life Insurance Company of America,IL,N/A,N/A,-18665.99
57020,John Alden Life Insurance Company,IL,N/A,N/A,-167167.35
58239,"United Healthcare Plan of the River Valley, Inc.",IL,N/A,N/A,-586082.45
58288,"Humana Health Plan, Inc.",IL,434826.64,730433.28,-1525019.48
59311,Madison National Life,IL,N/A,N/A,-3428.71
66143,Federated Mutual Insurance Company,IL,N/A,N/A,1306490.38
66303,United Healthcare Life Insurance Company,IL,341730.3,-368112.74,N/A
67807,Time Insurance Company,IL,3751122.34,5250022.24,-25545.56
68303,Humana Insurance Company,IL,3778188.26,4859821.84,1632766.92
68432,"IlliniCare Health Plan, Inc.",IL,41646.79,-2232448.52,N/A
72547,Aetna Life Insurance Company,IL,814606.14,-670691.43,-1111838.73
75104,"Coventry Health Care of Missouri, Inc.",IL,0,-8129.85,N/A
79763,Land of Lincoln Mutual Health Insurance Company,IL,18123842.55,-22604098.38,-9219351.96
82506,Freedom Life Insurance,IL,38014.98,26867.72,N/A
92476,United Healthcare Ins Co of Illinois,IL,N/A,N/A,4056740.92
96601,"Coventry Health Care of Illinois, Inc.",IL,6783435.61,-5367684.26,127525.13
99129,Aetna Health Inc. (a PA corp.),IL,N/A,N/A,-313297.56
11104,Federated Mutual Insurance Company,IN,N/A,N/A,-542240.33
17575,Anthem Ins Companies Inc.(Anthem BCBS),IN,57453698.83,-13429318.84,6782799.4
32378,Aetna Life Insurance Company,IN,N/A,N/A,-313624
33380,"Indiana University Health Plans, Inc.",IN,396940.65,79692.27,N/A
35065,Coordinated Care Corporation Indiana,IN,3089790.64,-8064367.37,N/A
35755,US Health and Life Insurance Company,IN,N/A,N/A,-150173.33
36373,All Savers Insurance Company,IN,27281709.27,13324209.36,-48636.23
43070,United Healthcare Life Insurance Company,IN,11725100.8,-8198015.22,N/A
43442,Humana Health Plan,IN,N/A,N/A,-102658.68
46881,Medical Benefits Mutual Life Insurance,IN,N/A,N/A,-153245.43
50442,Standard Security Life,IN,N/A,N/A,-27473.51
50816,"Physicians Health Plan of Northern Indiana, Inc.",IN,7080052.99,-7085738.88,2912178.01
54192,"Care Source Indiana, Inc.",IN,4110030.68,-18119292.96,N/A
62033,"MDwise Marketplace, Inc.",IN,10305618.57,17928174.59,N/A
67920,Southeastern Indiana Health Organization,IN,216799.07,-233538.83,-852678.23
72850,United Healthcare Insurance Company,IN,N/A,N/A,-6771739.27
76179,Celtic Insurance Company,IN,0,-8090.12,N/A
79828,Pekin Life Insurance Company,IN,N/A,N/A,-183612.65
91842,Time Insurance Company,IN,12099166.58,15394607.15,472972.29
95074,John Alden Life Insurance Company,IN,N/A,N/A,-241241.52
98761,Nippon Life Insurance Company of America,IN,N/A,N/A,-153115.64
99791,Humana Insurance Company,IN,9599228.21,8411678.81,-627510.77
18558,"Blue Cross and Blue Shield of Kansas, Inc.",KS,22071027.01,17980150.06,1209308.94
19968,Humana Insurance Company,KS,639450.47,129998.03,453059.45
27811,"BlueCross BlueShield Kansas Solutions, Inc.",KS,6313568.9,-11980761.66,-355578.67
34368,Celtic Insurance Company,KS,0,4300.78,N/A
41446,United Healthcare Life Insurance Company,KS,269244.33,325366.78,N/A
49857,"Humana Health Plan, Inc.",KS,0,N/A,37672.29
54822,Freedom Life Insurance,KS,0,12212.08,N/A
57850,Aetna Health Inc. (a PA corp.),KS,N/A,N/A,-152312.88
61430,Coventry Health and Life,KS,19219397.06,-18755986.82,-684315.4
65598,Coventry Health Care Of Kansas Inc.,KS,6205764.17,-1458451.11,-413025.79
71122,Time Insurance Company,KS,1368746.67,838285.82,-22779.35
84600,Aetna Life Insurance Company,KS,N/A,N/A,745826.49
94248,Blue Cross and Blue Shield of Kansas City,KS,10237463.22,12904886.1,827921.82
94968,United Healthcare Insurance Company,KS,N/A,N/A,-1525779.62
96352,Federated Mutual Insurance Company,KS,N/A,N/A,-229788.82
98618,John Alden Life Insurance Company,KS,N/A,N/A,109791.51
15411,"Humana Health Plan, Inc.",KY,6821351.04,3404519.29,-1964729.71
19503,Time Insurance Company,KY,1692781.9,1187533.23,-16224.72
23671,"United Healthcare of Kentucky, Ltd.",KY,N/A,N/A,-331779.58
28773,United Healthcare Insurance Company,KY,N/A,N/A,-121359.44
33734,John Alden Life Insurance Company,KY,N/A,N/A,39912.04
36239,Anthem Health Plans of KY(Anthem BCBS),KY,15230315.39,3129303.34,4368115.21
40586,"Bluegrass Family Health, Inc.",KY,N/A,N/A,-1208814.63
45636,Care Source Kentucky Co.,KY,471932.66,-3862217.41,N/A
45920,"United Healthcare of Ohio, Inc.",KY,N/A,N/A,-293318.64
47949,Golden Rule Insurance Company,KY,305383.84,-1451612.01,N/A
72001,"Wellcare Health Plans of Kentucky, Inc.",KY,11980.94,-53971.89,N/A
77029,All Savers Insurance Company,KY,N/A,N/A,-49.32
77894,Kentucky Health Cooperative,KY,35150774.64,-2353554.57,-471751.15
14030,Aetna Life Insurance Company,LA,N/A,N/A,20110.13
19636,"HMO Louisiana, Inc.",LA,18992557.99,-30654005.69,-1581186.14
19913,Freedom Life Insurance,LA,215088.93,235529.13,N/A
22381,Coventry Health and Life,LA,N/A,N/A,-65433.61
31434,Time Insurance Company,LA,1118095.05,-317760.3,-14565.43
38499,"United Healthcare of Louisiana, Inc.",LA,12768745.19,-16112496.42,-139379.33
44965,"Humana Health Benefit Plan of Louisiana, Inc.",LA,6599758.13,-2526804.46,-4759020.22
66593,United Healthcare Life Insurance Company,LA,225872.1,198496.43,N/A
67202,"Louisiana Health Cooperative, Inc.",LA,6806873.05,-8658833.22,-177962.62
67243,"Vantage Health Plan, Inc.",LA,2858301.9,-261974.85,-33096.77
69842,United Healthcare Insurance Company,LA,N/A,N/A,-301664.16
81941,"Coventry Health Care of Louisiana, Inc.",LA,1301311.45,-9447131.62,-727200.2
89219,John Alden Life Insurance Company,LA,N/A,N/A,-30629.8
93653,All Savers Insurance Company,LA,N/A,N/A,-20620.65
97176,Louisiana Health Service & Indemnity Company,LA,59752232.01,67544981.11,7830648.73
24675,"Blue Cross and Blue Shield of Massachusetts, Inc.",MA,96895.37,N/A,N/A
29125,Tufts Associated Health Maintenance Org,MA,5505443.18,N/A,N/A
31234,CeltiCare Health Plan of MA,MA,87686.69,N/A,N/A
31779,United Healthcare Insurance Company,MA,201936.84,N/A,N/A
34484,"Health New England, Inc.",MA,1633271.41,N/A,N/A
36046,Harvard Pilgrim Health Care Inc.,MA,8132224.47,N/A,N/A
38712,Tufts Insurance Company,MA,1002595.01,N/A,N/A
41304,Neighborhood Health Plan,MA,25517727.66,N/A,N/A
42690,"Blue Cross and Blue Shield of Massachusetts HMO Blue, Inc.",MA,35245952.75,N/A,N/A
52710,Fallon Health & Life Assurance Company,MA,14000.29,N/A,N/A
59763,Tufts Health Public Plans Inc.,MA,4629223.87,N/A,N/A
73331,"Minuteman Health, Inc.",MA,349712.48,N/A,N/A
82569,"Boston Medical Center Health Plan, Inc.",MA,1947450.1,N/A,N/A
88806,"Fallon Community Health Plan, Inc.",MA,2396568.39,N/A,N/A
88950,"ConnectiCare of Massachusetts, Inc.",MA,0,N/A,N/A
95878,HPHC Insurance Company Inc.,MA,2288842.82,N/A,N/A
14468,"Coventry Health Care of Delaware, Inc.",MD,N/A,N/A,-6945127.9
23620,United Healthcare Insurance Company,MD,N/A,N/A,1835041.07
28137,"CareFirst Blue Choice, Inc.",MD,59885149.52,-16434375.57,6517475.95
31112,United Healthcare of the MidAtlantic Inc.,MD,504920.11,-1146080.38,-1678830.01
32812,Cigna Health and Life Insurance Company,MD,691025.23,1034979.8,N/A
36677,All Savers Insurance Company,MD,496194.53,596980.74,N/A
45532,"CareFirst of Maryland, Inc.",MD,23361093.08,22545287.16,7207643.04
65635,MAMSI Life and Health Insurance Company,MD,N/A,N/A,-282416.8
66516,Aetna Health Inc. (a PA corp.),MD,N/A,N/A,-655553.92
68541,Coventry Health and Life,MD,N/A,N/A,-1649007.49
70767,Aetna Life Insurance Company,MD,N/A,N/A,-2554392.85
72375,"Optimum Choice, Inc.",MD,N/A,N/A,-64708.03
72564,"Evergreen Health Cooperative, Inc.",MD,725913.47,-3443885.2,-20766948.84
90296,"Kaiser Foundation Health Plan of the Mid-Atlantic States, Inc.",MD,4152560.34,-17702319.36,2987261.26
94084,GHMSI,MD,14153350.5,14549412.84,16049564.6
11593,HPHC Insurance Company Inc.,ME,405479.23,208585.27,2498771.66
33653,Maine Community Health Options,ME,40987289.61,2738773.24,-3768993.96
48396,Anthem Health Plans of ME(Anthem BCBS),ME,6658488.7,-3917017.08,688516.26
53357,Aetna Life Insurance Company,ME,N/A,N/A,1790597.54
73250,Aetna Health Inc. (a ME corp.),ME,80946.55,-207447.42,-169162.21
90214,United Healthcare Insurance Company,ME,N/A,N/A,-12202.47
96667,Harvard Pilgrim Health Care Inc.,ME,728167.41,1177105.98,-1027526.86
13667,Health Plus of Michigan,MI,913424.81,-4076070.63,83736.21
15560,Blue Cross Blue Shield of Michigan Mutual Insurance Company,MI,79301872.92,84043000.54,11876518.15
20393,McLaren Health Plan,MI,1279803.45,3123625.29,-1125261.52
20662,PHP Insurance Company,MI,N/A,N/A,-40531.33
23592,Paramount Care of Michigan,MI,N/A,N/A,-93353.98
29241,Priority Health Insurance Company (PHIC),MI,4303697.77,37908.56,124208.68
29698,Priority Health,MI,14187510.7,-27447894.51,-2734798.34
34620,"Harbor Health Plan, Inc.",MI,0,428.3,N/A
37651,Health Alliance Plan (HAP),MI,3485778.72,3869249.1,-1604360.74
40047,"Molina Healthcare of Michigan, Inc.",MI,108444.44,-489545.74,N/A
41895,Consumers Mutual Insurance of Michigan,MI,2288287.67,-7071364.84,-1699990.62
45002,United Healthcare Life Insurance Company,MI,1369709.18,358625.01,-62155.35
46275,"Humana Medical Plan of Michigan, Inc.",MI,5237342.47,-10842830.41,N/A
52670,All Savers Insurance Company,MI,N/A,N/A,-116036.56
58594,"Meridian Health Plan of Michigan, Inc.",MI,0,45009.16,N/A
58996,US Health and Life Insurance Company,MI,N/A,N/A,4588.65
59140,Nippon Life Insurance Company of America,MI,N/A,N/A,-45156.26
59830,Health Plus Insurance Company,MI,9028543.74,-4117248.29,469960.22
60829,Physicians Health Plan,MI,188485.2,-347998.34,-665160.05
62294,Humana Insurance Company,MI,1227648.12,-356523.02,-541342.84
63631,United Healthcare Insurance Company,MI,N/A,N/A,-1154312.92
67183,"Total Health Care USA, Inc.",MI,1534183.55,1882988.25,192637.06
67577,Alliance Health and Life Insurance Company,MI,2909573.77,4463306.2,-282556.4
71667,"United Healthcare Community Plan, Inc.",MI,750094.76,-3038785.1,N/A
79970,John Alden Life Insurance Company,MI,N/A,N/A,-25243.15
81068,Aetna Life Insurance Company,MI,613608.61,-1395523.24,N/A
82649,Federated Mutual Insurance Company,MI,N/A,N/A,-4753200.26
89029,Time Insurance Company,MI,2392980.67,1364106.91,-129271.65
90602,National Health Insurance Company,MI,0,N/A,4739.35
95233,Paramount Insurance Company,MI,N/A,N/A,137653.7
98185,Blue Care Network of Michigan,MI,46831049.28,-40004463.16,2178690.19
27439,Time Insurance Company,MN,3319642.29,1018837.12,-74883.14
31616,Medica Insurance Company,MN,4415250.76,-5042829.16,9261067.53
34102,"Group Health Plan, Inc.",MN,4673126.71,-4257609.45,N/A
49316,"BCBSM, INC.",MN,125759129.4,29086945.86,15764245.94
52346,Sanford Health Plan of Minnesota,MN,N/A,N/A,-144150.88
56971,John Alden Life Insurance Company,MN,3609.11,-93357.87,-43185.94
57129,HMO Minnesota,MN,3272853.74,865806.78,-307685.44
60769,Federated Mutual Insurance Company,MN,N/A,N/A,-4702535.67
65847,Medica Health Plans of Wisconsin,MN,6052960.34,7678426.35,N/A
70373,"Gundersen Health Plan Minnesota, Inc.",MN,113550.68,-17274.78,-76964.5
79888,"HealthPartners, Inc.",MN,N/A,31708.01,-13774545.17
85654,HealthPartners Insurance Company,MN,9288091.28,-29118111.14,-3345685.38
85736,UCare Minnesota,MN,1959663.44,-5906132.97,N/A
88102,Preferred One Insurance Company,MN,4222933.09,5753591.46,-3077770.23
97624,Preferred One Community Health Plan,MN,N/A,N/A,522092.71
12363,Standard Security Life,MO,N/A,N/A,-4617.8
14026,Time Insurance Company,MO,3138358.14,3559221.84,-166224.74
14162,United Healthcare Life Insurance Company,MO,3675197.04,1543008.5,N/A
16049,All Savers Insurance Company,MO,10203410.75,-10361029.92,N/A
27401,Trustmark Life Insurance Company,MO,0,-53584.07,N/A
30613,Humana Insurance Company,MO,4910519.65,-188325.95,-3938829.87
32753,Healthy Alliance Life Co(Anthem BCBS),MO,19470609.22,7298221.08,5340341.52
32898,Aetna Health Inc. (a PA corp.),MO,N/A,N/A,-7377.38
34762,Blue Cross and Blue Shield of Kansas City,MO,22865750.61,20705929.36,-325653.6
44240,Coventry Health and Life,MO,31011926.25,-20980901.39,-233857.65
44527,Coventry Health & Life Insurance Co.,MO,28854403.54,-1547250.27,-5494.46
48161,Aetna Life Insurance Company,MO,N/A,N/A,258345.46
49221,John Alden Life Insurance Company,MO,N/A,N/A,30517.37
64701,Federated Mutual Insurance Company,MO,N/A,N/A,-2366698.58
74483,Cigna Health and Life Insurance Company,MO,2682965.04,1879512.84,N/A
77660,"Coventry Health Care of Missouri, Inc.",MO,37693.57,34117.16,N/A
92766,"HMO Missouri, Inc.(Anthem BCBS)",MO,N/A,N/A,-153568.66
95426,United Healthcare Insurance Company,MO,N/A,N/A,2802884.9
96384,Cox Health Systems Insurance Company,MO,1954932.69,-1884389.93,-1229766.58
99723,Celtic Insurance Company,MO,0,-4529.5,N/A
11721,Blue Cross & Blue Shield of Mississippi,MS,8234968.46,2213375.4,27685.38
26781,All Savers Insurance Company,MS,N/A,N/A,-27052.78
38420,Federated Mutual Insurance Company,MS,N/A,N/A,-75474.34
45521,Time Insurance Company,MS,1557641.67,-67176.42,-113965.64
48963,Humana Insurance Company,MS,18785123.87,13191678.23,-52010.25
49900,John Alden Life Insurance Company,MS,N/A,N/A,-57304.43
61794,United Healthcare Life Insurance Company,MS,178090.31,-448183.32,-40377.81
83808,Coventry Health and Life,MS,62611.94,-199659.48,-154417.17
94237,Magnolia Health Plan,MS,4586657.17,-4508929.62,N/A
96734,Freedom Life Insurance,MS,0,-289.05,N/A
97560,"United Healthcare of Mississippi, Inc.",MS,8893140.98,-10180815.77,451573.88
98805,United Healthcare Insurance Company,MS,N/A,N/A,41343.2
23603,Pacific Source Health Plans,MT,7013675.92,-805324.98,-1744039.87
24867,Time Insurance Company,MT,2894124.53,1231200.88,-309927.67
30751,Blue Cross and Blue Shield of Montana,MT,29263271.43,-4708322.25,-89903.73
32225,Montana Health Cooperative,MT,14667714.03,4282446.27,1822462.95
45632,WMI Mutual Insurance Company,MT,N/A,N/A,58225.04
46621,United Healthcare Insurance Company,MT,N/A,N/A,9085.52
49669,Madison National Life,MT,N/A,N/A,-10799.68
64206,John Alden Life Insurance Company,MT,N/A,N/A,264897.43
11512,Blue Cross and Blue Shield of NC,NC,222234005.6,67566338.19,15759733.78
24588,Federated Mutual Insurance Company,NC,N/A,N/A,236116.42
32237,Humana Insurance Company,NC,293030.6,-520970.75,N/A
40411,Cigna Health and Life Insurance Company,NC,293355.4,596150.26,N/A
42754,United Healthcare Life Insurance Company,NC,1230433.68,-684964.86,N/A
43283,First Carolina Care Insurance Company,NC,0,N/A,-137223.74
44007,Celtic Insurance Company,NC,0,8222.85,N/A
54332,"United Healthcare of North Carolina, Inc.",NC,26513178.72,-15787937.71,-1665560.71
56346,"Coventry Health Care of the Carolinas, Inc.",NC,38747450.73,-47680707.29,-9400776.79
58658,United Healthcare Ins Co of River Valley,NC,N/A,N/A,-1453280.86
59977,John Alden Life Insurance Company,NC,0,-138633.22,-11962.08
61644,Aetna Life Insurance Company,NC,651988.51,-715751.32,-157069.07
61671,Aetna Health Inc. (a PA corp.),NC,N/A,N/A,-322190.74
69347,United Healthcare Insurance Company,NC,N/A,N/A,-2306736.6
72487,All Savers Insurance Company,NC,N/A,N/A,-102300.28
76871,Standard Security Life,NC,N/A,N/A,-13138.66
87696,Time Insurance Company,NC,2414167.19,-2641746.14,-271229.67
94459,Coventry Health & Life Insurance Company,NC,N/A,N/A,-154381.2
37160,Blue Cross Blue Shield of North Dakota,ND,12584324.78,1716903.71,22846.4
39364,Medica Insurance Company,ND,N/A,N/A,-79596.59
55105,Time Insurance Company,ND,1949251.42,-162737.22,155951.59
73751,Medica Health Plans,ND,1918693.8,-825246.58,389024.19
89364,Sanford Health Plan,ND,935693.69,-728919.89,-429914.25
99806,John Alden Life Insurance Company,ND,N/A,N/A,-58311.32
10324,Freedom Life Insurance,NE,0,4484.41,N/A
15438,Coventry Health Care of Nebraska Inc.,NE,19997409.37,-13630630.99,-516160.25
19524,Time Insurance Company,NE,4734632.44,6667658.89,883774.73
29678,Blue Cross and Blue Shield of Nebraska,NE,32361756.58,13541049.63,3977257.76
43198,CoOportunity Health,NE,2009586.78,-10205123.79,-7075784.88
47340,Federated Mutual Insurance Company,NE,N/A,N/A,-1283549.38
68389,United Healthcare Life Insurance Company,NE,2875324.11,3559594.19,N/A
73102,United Healthcare Insurance Company,NE,N/A,N/A,4054594.92
77931,Health Alliance Midwest Inc.,NE,35928.95,14477.63,-8134.69
79636,Coventry Health and Life Insurance Co.,NE,0,48490.02,-4014.32
80698,John Alden Life Insurance Company,NE,N/A,N/A,-21958.59
89156,Standard Security Life,NE,N/A,N/A,-6025.22
19304,Maine Community Health Options,NH,3312367.91,5306302.38,-3569171.62
42260,Time Insurance Company,NH,4992365.74,6151610.42,N/A
51889,United Healthcare Insurance Company,NH,N/A,N/A,-233115.68
57601,Anthem Health Plans of NH(Anthem BCBS),NH,N/A,N/A,1336166.23
59025,Harvard Pilgrim Health Care of NE,NH,2619722.76,-1229943.19,-843133.48
61163,"Minuteman Health, Inc.",NH,2115269.73,-10494673.57,-46195.18
71616,"HPHC Insurance Company, Inc.",NH,N/A,N/A,1875267.3
75841,Celtic Insurance Company,NH,112703.95,110166,N/A
96751,Matthew Thornton Hlth Plan(Anthem BCBS),NH,8351137.21,156537.94,1480182.4
10191,"Freelancers CO-OP of New Jersey, Inc.",NJ,25518743.04,-38582686.31,-7735504.78
13953,Horizon HMO,NJ,0,-945.51,3193510.84
23458,Cigna Health and Life Insurance Company,NJ,N/A,N/A,177415.53
41014,"Cigna HealthCare of New Jersey, Inc.",NJ,645603.45,817727.44,48511.09
48834,"Oxford Health Plans (NJ), Inc.",NJ,12200483.35,18952235,-185240.53
50221,Oscar Insurance Corporation of New Jersey,NJ,945235.86,-1957295.7,N/A
77263,"Oxford Health Insurance, Inc.",NJ,16261309.29,44955766,5736032.94
77606,"AmeriHealth HMO, Inc.",NJ,8830357.66,-4859744.69,-14888625.2
82884,Aetna Health Inc. (a NJ corp.),NJ,N/A,N/A,-18109387.03
89217,Aetna Life Insurance Company,NJ,3126673.44,5290240.82,2477419.03
91661,"Horizon Healthcare Services, Inc.",NJ,85563520.22,-62882998.27,36636642.31
91762,AmeriHealth Ins Company of New Jersey,NJ,49658797.4,38267701.25,-7350774.16
19722,"Molina Health Care of New Mexico, Inc.",NM,300867.77,-265619.48,N/A
52744,Presbyterian Insurance Company,NM,N/A,N/A,-818490.89
57173,Presbyterian Health Plan,NM,5375417.38,-2390195.41,620026.82
72034,CHRISTUS Health Plan,NM,22695.1,-455783.17,N/A
75605,Blue Cross Blue Shield of New Mexico,NM,25478424.19,14139955.41,4123735.82
90762,United Healthcare Insurance Company,NM,N/A,N/A,309179.06
93091,New Mexico Health Connections,NM,5515873.35,-11035028.09,-3534467.65
97132,"Lovelace Health System, Inc.",NM,0,N/A,-699983.2
97646,Time Insurance Company,NM,0,6670.67,N/A
16698,Prominence Health First,NV,2492308.28,3206374.59,-1767200.16
17255,Golden Rule Insurance Company,NV,617441.35,-1803076.9,N/A
19298,Aetna Health Inc. (a PA corp.),NV,44592.7,-1143730.03,261732.04
20895,Humana Insurance Company,NV,2037936.77,1431529.89,-1141023.21
27990,Aetna Life Insurance Company,NV,1532987.48,-7118682.16,672487.49
29211,Time Insurance Company,NV,13121851.53,9178690.86,-712661.85
33670,Rocky Mountain Hos&Med Svc(Anthem BCBS),NV,2721897.49,-4821040.08,3892116.41
34996,Nevada Health CO-OP,NV,8846611.34,5244157.68,-711597.39
41094,"Hometown Health Plan, Inc.",NV,0,-64141.23,-535962.57
42313,WMI Mutual Insurance Company,NV,N/A,N/A,-37460.95
49021,Coventry Health & Life Insurance Company,NV,0,N/A,-282676.61
60156,HMO Colorado Inc. dba HMO NV(Anthem BCBS),NV,5077744.17,-8860894.35,-27406
65693,Freedom Life Insurance Company of America,NV,0,1509.65,N/A
65779,Altius Health Plans Inc.,NV,0,N/A,35537.64
68307,Celtic Insurance Company,NV,0,-10494.15,N/A
68524,"Prominence Preferred Health Insurance Company, Inc.",NV,N/A,N/A,1300037.3
74222,United Healthcare Insurance Company,NV,N/A,N/A,1288122.46
83198,"Sierra Health and Life Ins Company, Inc.",NV,10119419.06,4132272.63,72611.26
85266,Hometown Health Providers Ins. Co. Inc.,NV,217980.45,397248.75,-1757923.69
87446,John Alden Life Insurance Company,NV,N/A,N/A,-333228.58
93696,Humana Health Plan Inc.,NV,0,N/A,-48965.47
95865,"Health Plan of Nevada, Inc.",NV,8222371.58,230274.9,-166538.16
11177,MetroPlus Health Plan,NY,5191276.87,-30578616.79,-1666323.89
17210,Aetna Life Insurance Company,NY,4506213,9153245.87,-92687139.68
18029,Independent Health Benefits Corporation,NY,2216885.52,7655906.8,7032740.32
25303,"New York State Catholic Health Plan, Inc.",NY,13867355.91,-56655138.64,N/A
26420,"Oxford Health Plans (NY), Inc.",NY,37053494.34,75516356.91,-34043889.75
36346,BlueShield of Northeastern New York,NY,347699.17,420500.61,791105.07
39595,WellCare of New York,NY,64785.18,-846218.15,N/A
40064,HealthNow New York,NY,0,3626.81,-68200.88
43477,Crystal Run Health Insurance Company Inc.,NY,N/A,N/A,-578572.33
44113,"Empire HealthChoice Assurance, Inc.",NY,N/A,N/A,-1060038.06
49526,BlueCross BlueShield of Western New York,NY,3377361.29,8271129.24,2132100.46
50138,Aetna Health Inc. (a NY corp.),NY,N/A,N/A,-2194924.08
54235,"United Healthcare of New York, Inc.",NY,7508442.74,10564737.15,N/A
54297,United Healthcare Ins Co of New York,NY,71627.97,-7577.79,-207851.87
56184,"MVP Health Plan, Inc.",NY,14469727.59,25548029.99,-2504923.46
57165,"Affinity Health Plan, Inc.",NY,2549532.7,-24567668.78,N/A
70552,"Independent Health Association, Inc.",NY,0,N/A,-574088.49
71644,Freelancers Health Service Corporation d/b/a Health Republic I f N Y k,NY,51763635.04,-37496765.22,-153842015.4
73886,Crystal Run Health Plan LLC,NY,7327.98,-41505.88,-60517.29
74289,Oscar Insurance Corporation,NY,19771125.4,-30977083.32,N/A
78124,"Excellus Health Plan, Inc.",NY,20303711.74,44746473.2,-2719871.69
80519,"Empire HealthChoice HMO, Inc.",NY,40523011.28,31931835.18,1170127.82
82483,North Shore-LIJ Insurance Company Inc.,NY,8737682.64,2282312.43,-13302063.81
83744,"Managed Health, Inc.",NY,N/A,N/A,-67696.17
85629,"Oxford Health Insurance, Inc.",NY,N/A,N/A,315374419.9
88000,Group Health Incorporated,NY,52165.83,-72128.3,-547.64
88582,Health Insurance Plan of Greater New York,NY,11925482.58,5515480.63,-36417583.95
89846,MVP Health Services Corp.,NY,N/A,N/A,2025401.59
91237,"Healthfirst PHSP, Inc.",NY,6632379.19,-48556174.15,N/A
92551,CDPHP Universal Benefits Inc.,NY,N/A,N/A,10072804.56
94788,CDPHP,NY,3850329.69,8189242.42,3397548.58
12512,Medical Benefits Mutual Life Insurance,OH,N/A,N/A,-523658.6
14650,Time Insurance Company,OH,2839186.95,2988966.3,472321.42
16204,"Coordinated Health Mutual, Inc.",OH,15348555.75,-3985495.69,-3214448.51
20126,HealthSpan Integrated Care,OH,3299755.23,-4273438.02,-6425628.16
26734,"Premier Health Plan, Inc.",OH,504045.2,-2005787.99,N/A
28162,AultCare Insurance Company,OH,2358684.92,-246739.17,-514739.16
29276,Community Insurance Company(Anthem BCBS),OH,19003555.17,19027175.55,14407578.76
33232,United Healthcare Ins Co of River Valley,OH,N/A,N/A,-1790106.79
33931,"United Healthcare of Ohio, Inc.",OH,2220823.05,2912248.94,N/A
41047,Buckeye Community Health Plan,OH,649923.9,-6141372.01,N/A
50498,John Alden Life Insurance Company,OH,N/A,N/A,109425.34
52664,"Summa Insurance Company, Inc.",OH,2387747.27,35681.99,2820322.62
56073,Nippon Life Insurance Company of America,OH,N/A,N/A,-356412.77
56726,United Healthcare Insurance Company,OH,N/A,N/A,1775202.4
61724,United Healthcare Life Insurance Company,OH,2327012.2,2965356.57,-4212359.07
62352,Celtic Insurance Company,OH,0,-11014.35,N/A
64353,Molina Healthcare of Ohio,OH,879097.17,1592334.51,N/A
66083,"Humana Health Plan of Ohio, Inc.",OH,5155494.73,-1928407.65,-2483141.65
67129,Aetna Life Insurance Company,OH,6603468.9,-16376734.46,-481369.85
74313,Paramount Insurance Company,OH,1272564.12,-580499.95,-264272.01
76169,Standard Security Life,OH,N/A,N/A,-34299.53
77552,Care Source,OH,9244613.09,-16752738.98,N/A
80627,Medical Mutual of Ohio,OH,28206438.29,6545046.13,4026922.8
83396,The Health Plan of the Upper Ohio Valley,OH,7876.07,-74715.6,-306668.86
84867,Aetna Health Inc. (a PA corp.),OH,N/A,N/A,-2831979.85
92036,Health Span,OH,4160340.95,-6743522.63,-471429.58
96800,Federated Mutual Insurance Company,OH,N/A,N/A,-999288.99
97596,Humana Insurance Company,OH,2367594.63,1602746.25,-114966.92
98810,THP Insurance Company,OH,N/A,N/A,218531.1
98894,Coventry Health and Life,OH,30125.07,60728.8,1096038.61
99969,Medical Health Insuring Corp. of Ohio,OH,39155019.99,21390181.45,98427.31
23468,Humana Insurance Company,OK,66173.45,74763.49,-69246.02
27243,Federated Mutual Insurance Company,OK,N/A,N/A,-492326.98
29176,Time Insurance Company,OK,2438106.47,2221935.85,-149749.38
45480,"United Healthcare of Oklahoma, Inc.",OK,N/A,N/A,244157.12
53524,Coventry Health and Life,OK,22512.4,-200398.31,-816839.4
62505,Celtic Insurance Company,OK,0,-5294.26,N/A
66946,Aetna Life Insurance Company,OK,0,-37821.69,65348.5
67088,John Alden Life Insurance Company,OK,N/A,N/A,-178744.41
76275,Aetna Health Inc. (a PA corp.),OK,N/A,N/A,-184766.55
76668,"Coventry Health Care of Kansas, Inc.",OK,0,-49715.88,4087.06
82209,Freedom Life Insurance,OK,55231.57,19738.01,N/A
85408,"Global Health, Inc.",OK,611619.22,N/A,N/A
85757,United Healthcare Insurance Company,OK,N/A,N/A,-144362.05
87571,Blue Cross Blue Shield of Oklahoma,OK,84233897.4,-4417436.82,4443491.14
87698,Community Care Life & Health Insurance Co,OK,0,1200.32,-1132219.85
98704,United Healthcare Life Insurance Company,OK,1663019.16,637091.31,N/A
98905,Community Care HMO Inc.,OK,919447.27,1755937.92,-1588829.22
10091,Pacific Source Health Plans,OR,8483371.78,6385295.65,-263011.36
10940,"Health Net Health Plan of Oregon, Inc.",OR,1855731.14,3408186.75,45710.69
32536,ATRIO Health Plans,OR,59191.36,-163736.68,-28002.5
33375,"Samaritan Health Plans, Inc.",OR,N/A,N/A,198705.22
39424,"Moda Health Plan, Inc.",OR,62768010.24,-10916304.04,-1070895.13
56707,Providence Health Plan,OR,9861302.28,-4161991.69,3092137.34
59129,Trustmark Life Insurance Company,OR,0,-17648.46,N/A
63474,Bridge Span Health Company,OR,37956.63,-143117.09,N/A
71287,Kaiser Foundation Healthplan of the NW,OR,6778961.76,13259754.64,2707325.99
74571,Time Insurance Company,OR,2406023.93,2081868.31,N/A
77969,Regence BlueCross BlueShield of Oregon,OR,5234032.69,5024567.08,5570483.58
85804,Life Wise Health Plan of Oregon,OR,17015844.5,-19940058.64,-1675210.84
90175,United Healthcare Insurance Company,OR,N/A,N/A,-533017.71
95417,Trillium Community Health Plan,OR,0,-29917.47,-10819.44
96383,"Freelancers Consumer Operated and Oriented Program of Oregon, Inc. DBA H l h R bli I C",OR,4599868.44,4811777.33,-6718133.3
99389,"Community Care of Oregon, Inc.",OR,4781867.05,401324.32,-1315272.66
10842,Celtic Insurance Company,PA,0,-2443.12,N/A
16072,Coventry Health and Life Insurance Co.,PA,0,N/A,-101341.75
16322,"UPMC Health Options, Inc.",PA,17829957.2,-3105783.44,5913428.11
16481,"UPMC Health Network, Inc.",PA,0,N/A,-1036677.48
19068,Time Insurance Company,PA,3985277.18,3948940.01,-394254.42
22444,Geisinger Health Plan,PA,9210149.64,11417706.62,-2139258.77
23489,United Healthcare Insurance Company,PA,N/A,N/A,-5371431.92
24872,"United Healthcare of Pennsylvania, Inc.",PA,6776914.14,-39114321.98,N/A
31609,Independence Blue Cross (QCC Ins. Co.),PA,43123145.04,64851297.02,24985336.8
33709,Highmark Inc.,PA,106807043.5,-46784130.23,-7096865.07
33871,"Keystone Health Plan East, Inc.",PA,49296370.95,-12386830.58,-4106693.9
33906,Aetna Life Insurance Company,PA,4647588.91,-9332073.48,-361486.58
38949,Keystone Health Plan West,PA,81947.41,63115.8,-7980.98
45127,Capital Advantage Assurance Company,PA,4546704.54,6863660.42,-3297707.87
45404,United Healthcare Life Insurance Company,PA,1102044.68,1720000.53,N/A
48788,Inter-County Hospital Plan,PA,N/A,N/A,-508919.29
52899,"UPMC Health Plan, Inc.",PA,32889.28,197264.42,-5456.23
53789,Keystone Health Plan Central,PA,1234878.34,298016.86,5269.47
55957,"First Priority Life Insurance Company, Inc.",PA,22715787.15,-3237217.38,-305360.64
58819,John Alden Life Insurance Company,PA,N/A,N/A,-101659.48
62560,"UPMC Health Coverage, Inc.",PA,0,-11718.3,-317612.72
64844,Aetna Health Inc. (a PA corp.),PA,6959835.96,-25852344.53,-1628024.96
70194,Highmark Health Insurance Company,PA,37266490.45,51852279.7,777889.23
75729,Geisinger Quality Options,PA,1529545.49,1142253.34,-1613339.93
79279,Highmark Coverage Advantage Inc.,PA,0,N/A,220267.91
79962,Highmark Benefits Group Inc.,PA,0,N/A,-984206.65
80148,Federated Mutual Insurance Company,PA,N/A,N/A,-2549615.51
82795,Capital Advantage Insurance Company CAIC,PA,0,N/A,84421.79
91303,"Health America Pennsylvania, Inc.",PA,2391915.15,-2527671.54,N/A
93838,"Health Assurance PA, Inc.",PA,N/A,N/A,-58719.48
15287,Blue Cross & Blue Shield of Rhode Island,RI,11366007.86,9680258.57,5753305.59
26322,Tufts Insurance Company,RI,N/A,N/A,965515.97
77514,Neighborhood Health Plan of Rhode Island,RI,1435292.63,-8608201.54,-343863.12
79881,"United Healthcare of New England, Inc.",RI,205106.29,-1072057.02,-4145329.17
90010,Tufts Associated Health Maintenance Org,RI,0,N/A,-974465.99
90117,United Healthcare Insurance Company,RI,N/A,N/A,-1255163.31
14820,Nippon Life Insurance Company of America,SC,N/A,N/A,-166996.9
17808,Humana Insurance Company,SC,0,16975.57,N/A
22369,Aetna Life Insurance Company,SC,N/A,N/A,-183730.56
26065,Blue Cross and Blue Shield of South Carolina,SC,26799911.31,8615922.98,2446555.38
33609,Federated Mutual Insurance Company,SC,N/A,N/A,1063092.09
39481,United Healthcare Life Insurance Company,SC,2087442.23,-414394.03,N/A
39996,Time Insurance Company,SC,4797608.36,5534568.01,283969.26
41614,"Coventry Health Care of the Carolinas, Inc.",SC,16573921.48,-3234564.95,577520.93
49532,"Blue Choice Health Plan of South Carolina, Inc.",SC,18814117.01,3622506.76,-3934492.42
54362,Cigna Health and Life Insurance Company,SC,262626.52,437792.66,N/A
56262,Coventry Health & Life Insurance Company,SC,N/A,N/A,-136305.65
57860,United Healthcare Insurance Company,SC,N/A,N/A,472850.3
60067,Celtic Insurance Company,SC,0,-15341.23,N/A
64146,United Healthcare Ins Co of River Valley,SC,N/A,N/A,16395.03
65122,Consumers' Choice Health Insurance Company,SC,36699256.4,-14555844.07,-470419.09
73714,Standard Security Life,SC,N/A,N/A,-3867.1
80431,Freedom Life Insurance,SC,7907.84,-7622.19,N/A
89728,John Alden Life Insurance Company,SC,N/A,N/A,35428.72
31195,Sanford Health Plan,SD,1912816.62,201919.38,225580.45
50305,Wellmark of South Dakota,SD,8866320.54,-1043395.44,1566498.82
60536,"Avera Health Plans, Inc.",SD,7492141.61,3672370.39,-81015.67
62210,DAKOTACARE,SD,9167019.56,-2809177.34,-1242844.35
64255,Federated Mutual Insurance Company,SD,N/A,N/A,-268825.85
66837,Coventry Health and Life Insurance Co.,SD,0,N/A,-180679.77
77144,Time Insurance Company,SD,381824.21,-21716.99,-8782.86
96594,Medica Insurance Company,SD,N/A,N/A,-9930.72
10958,United Healthcare Ins Co of River Valley,TN,N/A,N/A,-4628908.57
14002,BlueCross BlueShield of Tennessee,TN,125248680,22571330.93,5242633.55
17032,Nippon Life Insurance Company of America,TN,N/A,N/A,8032.52
31552,Aetna Life Insurance Company,TN,76105.04,-112658.65,256967.28
40778,John Alden Life Insurance Company,TN,N/A,N/A,-46256.21
48069,United Healthcare Life Insurance Company,TN,199560.67,315512.89,N/A
60299,Time Insurance Company,TN,2195845.5,746097.06,N/A
66842,Community Health Alliance Mutual Insurance Company,TN,10276444.62,-25536300.68,-35236.69
69443,United Healthcare Insurance Company,TN,N/A,N/A,1962995.16
82120,Humana Insurance Company,TN,8501816.89,618404.6,-2645066.63
83463,Federated Mutual Insurance Company,TN,N/A,N/A,414552.78
93222,Humana Health Plan. Inc.,TN,0,N/A,-529713.13
99248,Cigna Health and Life Insurance Company,TN,962071.92,1397613.95,N/A
19046,Federated Mutual Insurance Company,TX,N/A,N/A,-15045.63
26539,"SHA, LLC DBA First Care Health Plans",TX,3006003.71,1137907.19,-926124.88
27248,"Community Health Choice, Inc.",TX,5344701.29,-36084527.66,N/A
28020,Time Insurance Company,TX,17972249.76,13466856.6,298871.94
29418,Celtic Insurance Company,TX,0,6632.38,N/A
30609,"Memorial Hermann Health Insurance Company, Inc.",TX,47199.48,142237.3,-4900934.99
32673,"Humana Health Plan of Texas, Inc.",TX,51295201.04,-26986914.17,-2173306.64
33602,Blue Cross Blue Shield of Texas,TX,636984705,38571557.86,11386899.21
37755,Insurance Company of Scott & White,TX,476832.99,-1613428.88,N/A
40220,"United Healthcare of Texas, Inc.",TX,N/A,N/A,-2135148.22
40788,Scott and White Health Plan,TX,6991418.55,-13412865.64,-4512866.63
41541,"Memorial Hermann Health Plan, Inc.",TX,0,-43008.69,-39452.12
41549,Southwest Life and Health Ins Comp,TX,N/A,N/A,79525.12
45125,Nippon Life Insurance Company of America,TX,N/A,N/A,24103.59
45786,Molina Healthcare of Texas,TX,2013053.67,-4116190.69,N/A
46224,"Community First Health Plans, Inc.",TX,598890.83,694470.34,N/A
53799,Freedom Life Insurance,TX,939694.86,808134.93,N/A
55409,Cigna Health and Life Insurance Company,TX,42003359.11,53407229.68,N/A
58483,John Alden Life Insurance Company,TX,N/A,N/A,-588168.1
58840,Aetna Health Inc. (a TX corp.),TX,N/A,N/A,-139428.93
63141,Humana Insurance Company,TX,22961195.74,16542107.09,-1192747.03
63509,"Valley Baptist Health Plans, dba of VBIC",TX,51119.55,-170079.29,-373334.92
70619,United Healthcare Life Insurance Company,TX,11906450.88,5956388.28,N/A
71837,"Sendero Health Plans, Inc.",TX,1494250.38,-4376813.02,N/A
81795,USAble Mutual Insurance Company,TX,N/A,N/A,-96511.51
85947,All Savers Insurance Company,TX,40096514.7,-28130267.1,21102.91
87226,Superior Health Plan,TX,1216649.13,-5580967.25,N/A
91716,Aetna Life Insurance Company,TX,19077598.96,-10218459.31,4559477.87
92224,National Health Insurance Company,TX,0,N/A,-173037.07
98809,United Healthcare Insurance Company,TX,N/A,N/A,896126.05
18167,Molina Healthcare of Utah,UT,1295181.45,-2854734.71,N/A
21400,National Foundation Life Insurance,UT,0,-3711.09,N/A
22013,Regence BlueCross BlueShield of Utah,UT,4740413.21,1629776.02,-1352263.41
27619,Arches Mutual Insurance Company,UT,13281090.66,-13206183.16,250109
29031,National Health Insurance Company,UT,0,N/A,-896025.25
34541,Bridge Span Health Company,UT,3262555.12,-2946127.55,N/A
38927,Altius Health Plans Inc.,UT,2271988.13,-3519378.66,-991146.89
43129,United Healthcare Life Insurance Company,UT,119171.57,47918.32,N/A
44526,Time Insurance Company,UT,157807.06,214883.2,N/A
46958,Humana Insurance Company,UT,4094943.28,3170521.45,-414144.63
48588,Aetna Life Insurance Company,UT,N/A,N/A,-20990.46
56764,"Humana Medical Plan of Utah, Inc.",UT,2401586.97,-12348265.88,N/A
66413,"United Healthcare of Utah, Inc.",UT,N/A,N/A,170324.39
68781,Select Health,UT,45753380.6,29815302,2775857.47
80043,WMI Mutual Insurance Company,UT,N/A,N/A,14668.04
97462,United Healthcare Insurance Company,UT,N/A,N/A,463611.69
10207,"CareFirst Blue Choice, Inc.",VA,9093733.33,-4690047.91,-4863412.73
12028,Innovation Health Insurance Company,VA,9720705.61,-9421914.58,2094829.83
13433,Federated Mutual Insurance Company,VA,N/A,N/A,-1377421.98
15668,"Piedmont Community HealthCare, Inc.",VA,1361288.18,435467.3,403667.61
16064,"Anthem Health Plans of Virginia, Inc.",VA,N/A,N/A,27889957.52
20507,Optima Health Plan,VA,17769218.56,42170520.55,6375531.18
24251,"Optimum Choice, Inc.",VA,N/A,N/A,-358194.95
25978,United Healthcare Insurance Company,VA,N/A,N/A,-7578909.62
38234,Aetna Life Insurance Company,VA,5895017.54,4680612.75,-3364075.44
40308,Group Hospitalization and Medical Services Inc.,VA,8431776.3,11441513.48,9435152.4
41892,Golden Rule Insurance Company,VA,127964.7,263834.56,N/A
50102,Time Insurance Company,VA,4361533.95,4298069.65,143381.55
50727,Humana Insurance Company,VA,1723539.51,43710.21,N/A
66663,United Healthcare Life Insurance Company,VA,2604337.93,2658704.33,N/A
86443,"Innovation Health Plan, Inc.",VA,N/A,N/A,-5954916.7
88380,"Health Keepers, Inc.",VA,77211953.05,-13597420.4,-2356689.22
89242,Optima Health Insurance Company,VA,0,-4260.56,1471462.99
89498,"United Healthcare Plan of the River Valley, Inc.",VA,N/A,N/A,-539063.52
93187,Aetna Health Inc. (a PA corp.),VA,N/A,N/A,-8533686.28
93848,Coventry Health & Life Insurance Co.,VA,N/A,N/A,-1496683.75
95185,"Kaiser Foundation Health Plan of the Mid-Atlantic States, Inc.",VA,10975922.03,-39306435.97,-1753706.42
96835,John Alden Life Insurance Company,VA,N/A,N/A,-108864.52
99663,"Coventry Health Care of Virginia, Inc.",VA,14307294.04,1027646.58,-9528358.12
18581,Community Health Plan of Washington,WA,3148779.12,6748059.74,N/A
18699,United Healthcare Insurance Company,WA,N/A,N/A,-2911146.39
23371,Kaiser Foundation Healthplan of the NW,WA,2087506.13,1500350.01,465626.66
25768,"Group Health Options, Inc.",WA,5545446.72,84523.22,734961.44
34673,Aetna Life Insurance Company,WA,N/A,N/A,-4146219.54
36026,"Health Net Health Plan of Oregon, Inc.",WA,N/A,N/A,-757462.93
38498,Life Wise Health Plan of WA,WA,23278792.62,-22413845.18,N/A
42277,Time Insurance Company,WA,2762865.63,1137459.68,N/A
43861,"United Healthcare of Washington, Inc.",WA,N/A,N/A,137027.09
49831,Premera Blue Cross,WA,60171189.8,18747955.38,-16440582.27
53732,Bridge Span Health Company,WA,5157667.99,3046204.15,N/A
61836,Coordinated Care Corporation,WA,4033746.83,-34636348.44,N/A
65907,"Moda Health Plan, Inc.",WA,15995097.81,6134914.63,-558678.76
69364,Asuris Northwest Health,WA,2095416.08,1091276.01,4486607.33
71281,Regence BlueCross BlueShield Of Oregon,WA,2905564.38,1286238.74,821632.25
80473,Group Health Cooperative,WA,15413893.81,-9944277,-3747729.11
84481,"Molina Healthcare of Washington, Inc.",WA,1184205.29,1537384.84,N/A
87718,Regence BlueShield,WA,32444683.34,25715713.27,21915964.21
94388,Trustmark Life Insurance Company,WA,0,-35609.15,N/A
16245,Group Health Cooperative of Eau Claire,WI,N/A,N/A,-172607.47
20173,HealthPartners Insurance Company,WI,N/A,N/A,-228049.85
22554,US Health and Life Insurance Company,WI,N/A,N/A,-3848.16
32754,Managed Health Services Insurance Corporation,WI,76534.95,346192.62,N/A
35334,Mercy Care Insurance Company,WI,N/A,N/A,-585670.39
37833,Unity Health Plans Insurance Corporation,WI,7185046.24,5592708.14,832440.01
38166,"Security Health Plan of Wisconsin, Inc.",WI,31487056.36,-10390482.3,-900331.9
38345,Dean Health Plan,WI,18757853.83,-10372087.89,-209529.32
38752,Aetna Life Insurance Company,WI,N/A,N/A,-3018035.3
39924,All Savers Insurance Company,WI,9881120.03,5293092.41,464103.71
47342,Health Tradition Health Plan,WI,5973322.11,-4413566.24,-781266.69
52697,"Molina Healthcare of Wisconsin, Inc.",WI,13401718.71,-4595003.52,N/A
55103,Humana Wisconsin Health Org. Ins. Corp.,WI,0,N/A,707127.26
57637,Medica Insurance Company,WI,N/A,N/A,355871.33
57845,Medica Health Plans of Wisconsin,WI,5114750.87,-2183267.46,N/A
58326,"Mercy Care HMO, Inc.",WI,1039637.7,686857.72,224237.16
58564,Physicians Plus Insurance Corporation,WI,166156.71,175983.58,-629677.53
59158,United Healthcare Insurance Company,WI,N/A,N/A,11297157.89
64772,Medical Associates Health Plans,WI,N/A,N/A,-696241.56
69424,Pekin Life Insurance Company,WI,N/A,N/A,-5359.01
79475,Compcare Health Serv Ins Co(Anthem BCBS),WI,11971973.11,9974580.81,-212388.05
80180,"United Healthcare of Wisconsin, Inc.",WI,N/A,N/A,-535453.6
81413,Network Health Plan,WI,24525.62,294393.41,-54663.83
81974,Wisconsin Physicians Svc Insurance Corp,WI,18524573.8,5160942.97,183981.2
84670,"WPS Health Plan, Inc.",WI,12630278.43,1825501.39,-1158565.4
87416,Common Ground Healthcare Cooperative,WI,32249872.02,194955.1,-2056055.51
89106,United Healthcare Life Insurance Company,WI,2293913.16,-1371221.77,N/A
90028,BCBS of Wisconsin(Anthem BCBS),WI,N/A,N/A,-163325.2
91058,"Gundersen Health Plan, Inc.",WI,5246929.26,-855334.89,-6517699.11
91604,Humana Insurance Company,WI,1895119.37,596881.13,1292326.01
92708,Federated Mutual Insurance Company,WI,N/A,N/A,678006.47
94073,Time Insurance Company,WI,3360528.96,2979855.24,405231.13
94529,Group Health Cooperative- SCW,WI,486417.48,1059019.73,1443408.15
94720,John Alden Life Insurance Company,WI,N/A,N/A,44877.57
14414,Federated Mutual Insurance Company,WV,N/A,N/A,109960.53
26661,Coventry Health & Life Insurance Co.,WV,N/A,N/A,-516628.21
31274,Highmark Blue Cross Blue Shield West Virginia,WV,33457193.36,-71601.45,1261985.57
33577,"Coventry Health Care of West Virginia, Inc.",WV,0,-435.24,-69535.77
35992,Time Insurance Company,WV,431491.97,382756.67,-39194.65
44434,Aetna Health Inc. (a PA corp.),WV,0,-295477.04,-562420.22
48421,John Alden Life Insurance Company,WV,N/A,N/A,224713.34
50318,Aetna Life Insurance Company,WV,N/A,N/A,154836.76
59772,THP Insurance Company,WV,N/A,N/A,-62874.74
72982,The Health Plan of the Upper Ohio Valley,WV,11649.3,-15242.9,-553884.06
77060,United Healthcare Insurance Company,WV,N/A,N/A,-100035.49
95628,"Optimum Choice, Inc.",WV,N/A,N/A,153076.85
11269,Blue Cross Blue Shield of Wyoming,WY,12716956.74,1438732.96,-735310.56
29941,Time Insurance Company,WY,1888415.67,1254913.51,646260.58
47823,Freedom Life Insurance,WY,89807.28,18632.31,N/A
49290,Celtic Insurance Company,WY,0,-7210.87,N/A
49714,United Healthcare Insurance Company,WY,N/A,N/A,-325977.41
53189,WINhealth Partners,WY,8575326.66,-2626798.16,-31069.24
72208,John Alden Life Insurance Company,WY,N/A,N/A,599763.48
79022,Altius Health Plans Inc.,WY,0,-78269.7,-153666.93
